<?xml version="1.0" encoding="UTF-8"?>
<GenRun Id="synth_1" LaunchPart="xc7a200tfbv484-2" LaunchTime="1733409879">
  <File Type="PA-TCL" Name="VIP_Matrix_Generate_3x3_8Bit.tcl"/>
  <File Type="REPORTS-TCL" Name="VIP_Matrix_Generate_3x3_8Bit_reports.tcl"/>
  <File Type="RDS-RDS" Name="VIP_Matrix_Generate_3x3_8Bit.vds"/>
  <File Type="RDS-UTIL" Name="VIP_Matrix_Generate_3x3_8Bit_utilization_synth.rpt"/>
  <File Type="RDS-UTIL-PB" Name="VIP_Matrix_Generate_3x3_8Bit_utilization_synth.pb"/>
  <File Type="RDS-DCP" Name="VIP_Matrix_Generate_3x3_8Bit.dcp"/>
  <FileSet Name="sources" Type="DesignSrcs" RelSrcDir="$PSRCDIR/sources_1" RelGenDir="$PGENDIR/sources_1">
    <Filter Type="Srcs"/>
    <File Path="$PSRCDIR/sources_1/new/VIP_Matrix_Generate_3x3_8Bit.v">
      <FileInfo>
        <Attr Name="UsedIn" Val="synthesis"/>
        <Attr Name="UsedIn" Val="implementation"/>
        <Attr Name="UsedIn" Val="simulation"/>
      </FileInfo>
    </File>
    <Config>
      <Option Name="DesignMode" Val="RTL"/>
      <Option Name="TopModule" Val="VIP_Matrix_Generate_3x3_8Bit"/>
      <Option Name="TopAutoSet" Val="TRUE"/>
    </Config>
  </FileSet>
  <FileSet Name="constrs_in" Type="Constrs" RelSrcDir="$PSRCDIR/constrs_1">
    <Filter Type="Constrs"/>
    <Config>
      <Option Name="ConstrsType" Val="XDC"/>
    </Config>
  </FileSet>
  <FileSet Name="utils" Type="Utils" RelSrcDir="$PSRCDIR/utils_1">
    <Filter Type="Utils"/>
    <Config>
      <Option Name="TopAutoSet" Val="TRUE"/>
    </Config>
  </FileSet>
  <Strategy Version="1" Minor="2">
    <StratHandle Name="Vivado Synthesis Defaults" Flow="Vivado Synthesis 2020"/>
    <Step Id="synth_design"/>
  </Strategy>
  <BlockFileSet Type="BlockSrcs" Name="fifo_generator_0"/>
  <BlockFileSet Type="BlockSrcs" Name="fifo_generator_1"/>
</GenRun>
