<?xml version="1.0" encoding="UTF-8"?>
<GenRun Id="impl_1" LaunchPart="xc7a200tfbv484-2" LaunchTime="1733409932">
  <File Type="ROUTE-PWR" Name="VIP_Matrix_Generate_3x3_8Bit_power_routed.rpt"/>
  <File Type="PA-TCL" Name="VIP_Matrix_Generate_3x3_8Bit.tcl"/>
  <File Type="ROUTE-PWR-SUM" Name="VIP_Matrix_Generate_3x3_8Bit_power_summary_routed.pb"/>
  <File Type="REPORTS-TCL" Name="VIP_Matrix_Generate_3x3_8Bit_reports.tcl"/>
  <File Type="BITSTR-MSK" Name="VIP_Matrix_Generate_3x3_8Bit.msk"/>
  <File Type="ROUTE-CLK" Name="VIP_Matrix_Generate_3x3_8Bit_clock_utilization_routed.rpt"/>
  <File Type="RDI-RDI" Name="VIP_Matrix_Generate_3x3_8Bit.vdi"/>
  <File Type="BG-BIT" Name="VIP_Matrix_Generate_3x3_8Bit.bit"/>
  <File Type="BG-DRC" Name="VIP_Matrix_Generate_3x3_8Bit.drc"/>
  <File Type="BG-BGN" Name="VIP_Matrix_Generate_3x3_8Bit.bgn"/>
  <File Type="BG-BIN" Name="VIP_Matrix_Generate_3x3_8Bit.bin"/>
  <File Type="BITSTR-RBT" Name="VIP_Matrix_Generate_3x3_8Bit.rbt"/>
  <File Type="BITSTR-NKY" Name="VIP_Matrix_Generate_3x3_8Bit.nky"/>
  <File Type="BITSTR-BMM" Name="VIP_Matrix_Generate_3x3_8Bit_bd.bmm"/>
  <File Type="ROUTE-METHODOLOGY-DRC" Name="VIP_Matrix_Generate_3x3_8Bit_methodology_drc_routed.rpt"/>
  <File Type="BITSTR-MMI" Name="VIP_Matrix_Generate_3x3_8Bit.mmi"/>
  <File Type="BITSTR-SYSDEF" Name="VIP_Matrix_Generate_3x3_8Bit.sysdef"/>
  <File Type="BITSTR-LTX" Name="debug_nets.ltx"/>
  <File Type="BITSTR-LTX" Name="VIP_Matrix_Generate_3x3_8Bit.ltx"/>
  <File Type="WBT-USG" Name="usage_statistics_webtalk.html"/>
  <File Type="OPT-DRC" Name="VIP_Matrix_Generate_3x3_8Bit_drc_opted.rpt"/>
  <File Type="OPT-HWDEF" Name="VIP_Matrix_Generate_3x3_8Bit.hwdef"/>
  <File Type="PLACE-IO" Name="VIP_Matrix_Generate_3x3_8Bit_io_placed.rpt"/>
  <File Type="PLACE-UTIL" Name="VIP_Matrix_Generate_3x3_8Bit_utilization_placed.rpt"/>
  <File Type="PLACE-UTIL-PB" Name="VIP_Matrix_Generate_3x3_8Bit_utilization_placed.pb"/>
  <File Type="PLACE-CTRL" Name="VIP_Matrix_Generate_3x3_8Bit_control_sets_placed.rpt"/>
  <File Type="PLACE-PRE-SIMILARITY" Name="VIP_Matrix_Generate_3x3_8Bit_incremental_reuse_pre_placed.rpt"/>
  <File Type="ROUTE-DRC" Name="VIP_Matrix_Generate_3x3_8Bit_drc_routed.rpt"/>
  <File Type="ROUTE-DRC-PB" Name="VIP_Matrix_Generate_3x3_8Bit_drc_routed.pb"/>
  <File Type="ROUTE-PWR-RPX" Name="VIP_Matrix_Generate_3x3_8Bit_power_routed.rpx"/>
  <File Type="ROUTE-STATUS" Name="VIP_Matrix_Generate_3x3_8Bit_route_status.rpt"/>
  <File Type="ROUTE-STATUS-PB" Name="VIP_Matrix_Generate_3x3_8Bit_route_status.pb"/>
  <File Type="ROUTE-DCP" Name="VIP_Matrix_Generate_3x3_8Bit_routed.dcp"/>
  <File Type="ROUTE-ERROR-DCP" Name="VIP_Matrix_Generate_3x3_8Bit_routed_error.dcp"/>
  <File Type="ROUTE-BLACKBOX-DCP" Name="VIP_Matrix_Generate_3x3_8Bit_routed_bb.dcp"/>
  <File Type="ROUTE-TIMINGSUMMARY" Name="VIP_Matrix_Generate_3x3_8Bit_timing_summary_routed.rpt"/>
  <File Type="ROUTE-TIMING-PB" Name="VIP_Matrix_Generate_3x3_8Bit_timing_summary_routed.pb"/>
  <File Type="ROUTE-TIMING-RPX" Name="VIP_Matrix_Generate_3x3_8Bit_timing_summary_routed.rpx"/>
  <File Type="ROUTE-BUS-SKEW" Name="VIP_Matrix_Generate_3x3_8Bit_bus_skew_routed.rpt"/>
  <File Type="ROUTE-BUS-SKEW-PB" Name="VIP_Matrix_Generate_3x3_8Bit_bus_skew_routed.pb"/>
  <File Type="ROUTE-BUS-SKEW-RPX" Name="VIP_Matrix_Generate_3x3_8Bit_bus_skew_routed.rpx"/>
  <File Type="OPT-DCP" Name="VIP_Matrix_Generate_3x3_8Bit_opt.dcp"/>
  <File Type="PLACE-DCP" Name="VIP_Matrix_Generate_3x3_8Bit_placed.dcp"/>
  <File Type="PWROPT-DCP" Name="VIP_Matrix_Generate_3x3_8Bit_pwropt.dcp"/>
  <File Type="POSTPLACE-PWROPT-DCP" Name="VIP_Matrix_Generate_3x3_8Bit_postplace_pwropt.dcp"/>
  <File Type="PHYSOPT-DCP" Name="VIP_Matrix_Generate_3x3_8Bit_physopt.dcp"/>
  <File Type="POSTROUTE-PHYSOPT-DCP" Name="VIP_Matrix_Generate_3x3_8Bit_postroute_physopt.dcp"/>
  <File Type="POSTROUTE-PHYSOPT-BLACKBOX-DCP" Name="VIP_Matrix_Generate_3x3_8Bit_postroute_physopt_bb.dcp"/>
  <File Type="ROUTE-METHODOLOGY-DRC-PB" Name="VIP_Matrix_Generate_3x3_8Bit_methodology_drc_routed.pb"/>
  <File Type="ROUTE-DRC-RPX" Name="VIP_Matrix_Generate_3x3_8Bit_drc_routed.rpx"/>
  <File Type="ROUTE-METHODOLOGY-DRC-RPX" Name="VIP_Matrix_Generate_3x3_8Bit_methodology_drc_routed.rpx"/>
  <File Type="PDI-FILE" Name="VIP_Matrix_Generate_3x3_8Bit.pdi"/>
  <File Type="RCFI_FILE" Name="VIP_Matrix_Generate_3x3_8Bit.rcfi"/>
  <File Type="CFI_FILE" Name="VIP_Matrix_Generate_3x3_8Bit.cfi"/>
  <File Type="RNPI_FILE" Name="VIP_Matrix_Generate_3x3_8Bit.rnpi"/>
  <File Type="NPI_FILE" Name="VIP_Matrix_Generate_3x3_8Bit.npi"/>
  <File Type="RBD_FILE" Name="VIP_Matrix_Generate_3x3_8Bit.rbd"/>
  <FileSet Name="sources" Type="DesignSrcs" RelSrcDir="$PSRCDIR/sources_1" RelGenDir="$PGENDIR/sources_1">
    <Filter Type="Srcs"/>
    <File Path="$PSRCDIR/sources_1/new/VIP_Matrix_Generate_3x3_8Bit.v">
      <FileInfo>
        <Attr Name="UsedIn" Val="synthesis"/>
        <Attr Name="UsedIn" Val="implementation"/>
        <Attr Name="UsedIn" Val="simulation"/>
      </FileInfo>
    </File>
    <Config>
      <Option Name="DesignMode" Val="RTL"/>
      <Option Name="TopModule" Val="VIP_Matrix_Generate_3x3_8Bit"/>
      <Option Name="TopAutoSet" Val="TRUE"/>
    </Config>
  </FileSet>
  <FileSet Name="constrs_in" Type="Constrs" RelSrcDir="$PSRCDIR/constrs_1">
    <Filter Type="Constrs"/>
    <Config>
      <Option Name="ConstrsType" Val="XDC"/>
    </Config>
  </FileSet>
  <FileSet Name="utils" Type="Utils" RelSrcDir="$PSRCDIR/utils_1">
    <Filter Type="Utils"/>
    <Config>
      <Option Name="TopAutoSet" Val="TRUE"/>
    </Config>
  </FileSet>
  <Strategy Version="1" Minor="2">
    <StratHandle Name="Vivado Implementation Defaults" Flow="Vivado Implementation 2020"/>
    <Step Id="init_design"/>
    <Step Id="opt_design"/>
    <Step Id="power_opt_design"/>
    <Step Id="place_design"/>
    <Step Id="post_place_power_opt_design"/>
    <Step Id="phys_opt_design"/>
    <Step Id="route_design"/>
    <Step Id="post_route_phys_opt_design"/>
    <Step Id="write_bitstream"/>
    <Step Id="write_device_image"/>
  </Strategy>
  <BlockFileSet Type="BlockSrcs" Name="fifo_generator_0"/>
  <BlockFileSet Type="BlockSrcs" Name="fifo_generator_1"/>
</GenRun>
